accuracy,precision,recall,f1,roc_auc,model,dataset
0.5641025641025641,0.6333333333333334,0.5641025641025641,0.5895536562203229,0.6327203125964734,logistic_regression,fifa
0.6666666666666666,0.7066544566544568,0.6666666666666666,0.6843229869545658,0.7051628253640637,random_forest,fifa
0.6666666666666666,0.6623931623931625,0.6666666666666666,0.6622120817036071,0.6777707214239721,xgboost,fifa
0.5128205128205128,0.5489078822412156,0.5128205128205128,0.5302197802197802,0.5807829024547291,svm,fifa
0.6666666666666666,0.6886446886446885,0.6666666666666666,0.6774628879892037,0.7166300618313003,gradient_boosting,fifa
