accuracy,precision,recall,f1,roc_auc,model,dataset
0.7948717948717948,0.1111111111111111,1.0,0.2,1.0,logistic_regression,fifa
0.9487179487179487,0.0,0.0,0.0,0.7631578947368421,random_forest,fifa
0.7948717948717948,0.1111111111111111,1.0,0.2,0.7894736842105263,svm,fifa
0.9487179487179487,0.0,0.0,0.0,0.4868421052631579,decision_tree,fifa
0.8974358974358975,0.0,0.0,0.0,0.8421052631578948,gradient_boosting,fifa
0.9743589743589743,0.0,0.0,0.0,0.881578947368421,knn,fifa
