accuracy,precision,recall,f1,roc_auc,model,dataset
0.6153846153846154,0.6997041420118343,0.6153846153846154,0.6417582417582418,0.7186680250147742,logistic_regression,fifa
0.6666666666666666,0.537037037037037,0.6666666666666666,0.594871794871795,0.6923524560521465,random_forest,fifa
0.6153846153846154,0.6719263642340565,0.6153846153846154,0.6414918414918416,0.7173617175165162,svm,fifa
0.6666666666666666,0.5858585858585859,0.6666666666666666,0.6236559139784946,0.5664946680426557,decision_tree,fifa
0.6923076923076923,0.5426195426195426,0.6923076923076923,0.6083916083916084,0.7080543868469564,gradient_boosting,fifa
0.7435897435897436,0.5529257067718607,0.7435897435897436,0.6342383107088989,0.6918494703324425,knn,fifa
